timestamp,frame_id,capture_wait_ms,slow_poll_ms,match_ms,fast_poll_ms,predict_ms,blur_ms,send_ms,detect_age_ms,fast_age_ms,mask_age_avg_ms,slow_updated,fast_updated,predicted,mask_count,loop_ms
128634.812813,1,0.003,0.024,0.0,0.005,0.021,0.004,0.004,0.0,0.0,0.0,0,0,0,0,3.532
128634.90069,2,0.555,0.014,0.001,0.007,0.021,0.012,0.003,0.0,0.0,0.0,0,0,0,0,17.974
128634.930432,3,1.103,0.006,0.0,0.003,0.008,0.004,0.002,0.0,0.0,0.0,0,0,0,0,11.794
128634.966988,4,0.852,0.012,0.001,0.005,0.011,0.009,0.005,0.0,0.0,0.0,0,0,0,0,12.418
128635.024157,5,2.374,0.013,0.001,0.007,0.013,0.014,0.005,0.0,0.0,0.0,0,0,0,0,23.676
128635.048097,6,1.799,0.007,0.0,0.003,0.007,0.01,0.003,0.0,0.0,0.0,0,0,0,0,13.142
128635.084786,7,1.137,0.024,0.001,0.013,0.016,0.003,0.002,0.0,0.0,0.0,0,0,0,0,14.74
128635.134145,8,0.653,0.023,0.001,0.009,0.023,0.011,0.005,0.0,0.0,0.0,0,0,0,0,21.355
128635.186641,9,0.724,0.022,0.001,0.005,0.018,0.005,0.003,0.0,0.0,0.0,0,0,0,0,13.765
128635.222672,10,0.666,0.013,0.001,0.005,0.07,0.009,0.004,0.0,0.0,0.0,0,0,1,0,17.679
128635.240548,11,0.439,0.019,0.001,0.006,0.075,0.034,0.005,0.0,0.0,0.0,0,0,1,0,18.436
128635.272683,12,1.091,0.011,0.001,0.004,0.048,0.012,0.009,0.0,0.0,0.0,0,0,1,0,14.955
128635.311803,13,0.474,0.025,0.002,0.009,0.094,0.008,0.003,0.0,0.0,0.0,0,0,1,0,15.29
128635.362813,14,1.159,0.014,0.0,0.005,0.055,0.004,0.002,0.0,0.0,0.0,0,0,1,0,11.795
128635.374695,15,0.334,0.022,0.0,0.006,0.082,0.009,0.006,0.0,0.0,0.0,0,0,1,0,12.667
128635.411374,16,0.724,0.052,0.004,0.013,0.09,0.008,0.003,0.0,0.0,0.0,0,0,1,0,19.451
128635.440468,17,0.372,1.076,3.519,0.001,0.019,9.363,0.003,276.71,0.0,263.26,1,0,1,1,28.798
128635.469585,18,0.314,0.007,0.0,0.003,0.037,3.76,0.005,0.0,0.0,292.38,0,0,1,1,21.846
128635.491791,19,0.317,0.011,0.001,4.369,0.086,3.508,0.004,0.0,36.16,36.16,0,1,1,1,24.584
128635.516594,21,0.371,0.015,0.001,4.587,0.056,2.997,0.004,0.0,46.06,46.06,0,1,1,1,26.729
128635.543618,22,0.433,0.762,0.002,0.001,0.092,3.334,0.005,125.62,0.0,73.08,1,0,1,1,24.138
128635.568045,23,0.441,0.038,0.001,3.756,0.066,3.47,0.004,0.0,31.13,31.13,0,1,1,1,27.108
128635.595402,24,0.395,0.012,0.001,1.999,0.048,2.562,0.005,0.0,36.64,36.64,0,1,1,1,17.162
128635.612893,25,0.369,0.014,0.001,3.081,0.129,3.307,0.011,0.0,23.86,23.86,0,1,1,1,24.217
128635.659893,26,0.35,0.696,0.006,0.002,0.1,3.221,0.016,159.82,0.0,51.76,1,0,1,1,17.936
128635.678067,27,0.503,0.007,0.001,7.316,0.043,3.766,0.005,0.0,31.65,31.65,0,1,1,1,24.398
128635.72333,28,0.312,0.01,0.0,0.005,0.053,2.987,0.005,0.0,0.0,52.03,0,0,1,1,18.79
128635.742342,29,0.281,2.299,1.961,0.002,0.048,2.976,0.003,146.62,0.0,134.21,1,0,1,2,23.691
128635.784164,30,0.333,0.007,0.0,0.003,0.043,10.005,0.004,0.0,0.0,176.03,0,0,1,2,26.928
128635.811422,31,0.376,2.783,5.782,0.001,0.052,2.666,0.008,125.13,0.0,203.29,1,0,1,2,31.486
128635.843388,32,0.738,0.018,0.001,9.594,0.069,4.152,0.005,0.0,35.05,135.15,0,1,1,2,32.464
128635.876162,33,0.321,1.525,3.681,0.002,0.055,3.85,0.006,123.38,0.0,167.93,1,0,1,2,25.657
128635.902191,34,0.352,0.02,0.001,6.844,0.089,6.726,0.003,0.0,56.56,175.31,0,1,1,2,34.139
128635.936586,36,0.316,0.011,0.0,3.771,0.077,4.583,0.004,0.0,48.31,188.38,0,1,1,2,26.629
128635.987197,37,0.46,0.486,0.988,0.002,0.047,2.993,0.002,153.22,0.0,191.0,1,0,1,3,18.225
128636.014632,38,0.331,0.011,0.0,3.056,0.077,6.767,0.002,0.0,41.93,205.81,0,1,1,3,26.703
128636.041575,39,0.328,0.019,0.001,4.803,0.076,3.966,0.006,0.0,44.27,174.0,0,1,1,3,28.4
128636.070378,40,0.406,0.032,0.002,5.758,0.034,4.547,0.006,0.0,29.94,174.04,0,1,1,3,29.976
128636.100653,41,0.317,0.869,4.812,0.003,0.07,4.395,0.007,178.01,0.0,210.04,1,0,1,5,29.647
128636.130933,42,0.489,0.007,0.0,9.29,0.081,8.067,0.004,0.0,49.99,202.99,0,1,1,5,32.403
128636.163842,44,0.399,0.021,0.0,7.964,0.087,3.447,0.003,0.0,53.9,154.26,0,1,1,5,28.133
128636.192334,45,0.257,0.005,0.0,4.036,0.026,7.684,0.008,0.0,30.87,141.53,0,1,1,5,26.838
128636.240159,46,0.453,0.009,0.001,5.06,0.028,3.448,0.004,0.0,49.43,168.06,0,1,1,6,24.073
128636.264657,47,0.319,0.007,0.001,2.401,0.064,4.775,0.002,0.0,25.59,130.75,0,1,1,6,19.905
128636.332076,49,0.29,2.181,4.952,0.002,0.064,9.902,0.003,154.3,0.0,218.23,1,0,1,6,32.601
128636.364992,51,0.323,0.009,0.001,9.563,0.056,9.032,0.002,0.0,34.31,170.0,0,1,1,6,31.864
128636.406233,52,0.36,0.009,0.001,10.316,0.048,7.272,0.002,0.0,45.41,191.15,0,1,1,6,28.194
128636.434846,54,0.907,1.349,3.562,0.002,0.09,5.219,0.004,186.56,0.0,252.13,1,0,1,6,28.67
128636.491011,55,0.324,0.006,0.0,4.811,0.027,3.415,0.002,0.0,59.73,228.96,0,1,1,6,21.889
128636.513217,56,0.493,1.572,5.055,0.002,0.096,13.96,0.004,134.51,0.0,263.2,1,0,1,6,39.472
128636.580148,58,0.56,0.013,0.0,5.723,0.063,8.654,0.002,0.0,79.93,272.14,0,1,1,6,28.304
128636.618507,60,0.991,1.236,4.059,0.003,0.073,6.868,0.004,155.49,0.0,319.0,1,0,1,6,27.154
128636.646252,61,0.861,0.015,0.001,6.144,0.069,4.064,0.003,0.0,37.01,287.98,0,1,1,6,28.004
128636.694095,62,0.642,0.007,0.001,3.166,0.056,9.311,0.002,0.0,55.48,321.14,0,1,1,6,28.47
128636.72288,63,0.522,3.891,2.088,0.001,0.062,3.948,0.002,127.93,0.0,332.4,1,0,1,6,27.642
128636.758813,64,0.613,0.011,0.001,4.538,0.054,7.776,0.005,0.0,43.73,355.58,0,1,1,6,24.085
128636.783244,65,0.633,0.008,0.0,6.825,0.073,11.041,0.004,0.0,37.28,374.87,0,1,1,6,31.156
128636.827705,66,1.182,0.01,0.001,3.254,0.042,5.42,0.003,0.0,49.17,413.9,0,1,1,6,21.637
128636.849777,67,0.736,0.02,0.001,0.008,0.08,20.296,0.002,0.0,0.0,435.97,0,0,1,6,42.346
128636.892424,69,0.507,0.873,1.969,0.002,0.047,7.488,0.003,189.09,0.0,443.34,1,0,1,6,23.417
128636.916238,70,0.842,0.01,0.0,0.011,0.059,3.336,0.002,0.0,29.47,467.15,0,1,1,6,24.97
128636.958951,71,0.599,0.008,0.0,0.008,0.058,5.411,0.002,0.0,52.0,509.87,0,1,1,6,21.424
128636.988261,72,0.567,0.008,0.001,0.004,0.111,5.159,0.003,0.0,0.0,539.18,0,0,1,6,17.584
128637.024452,73,0.886,0.006,0.001,0.004,0.065,16.025,0.002,0.0,0.0,575.37,0,0,1,6,33.655
128637.058402,74,0.553,0.313,6.335,0.003,0.088,3.784,0.003,230.68,0.0,533.36,1,0,1,6,26.093
128637.084925,75,1.448,0.011,0.001,0.012,0.074,8.203,0.003,0.0,28.4,559.89,0,1,1,6,30.006
128637.125431,76,0.681,0.016,0.001,0.011,0.084,4.605,0.004,0.0,48.74,600.39,0,1,1,6,17.92
128637.161255,77,1.126,0.008,0.001,0.007,0.061,11.133,0.002,0.0,36.07,636.22,0,1,1,6,27.415
128637.188991,78,0.538,0.014,0.001,0.006,0.099,8.947,0.003,0.0,0.0,663.95,0,0,1,6,24.692
128637.214114,79,0.825,1.416,5.79,0.003,0.051,5.138,0.013,215.02,0.0,630.75,1,0,1,6,31.88
128637.260456,80,0.725,0.015,0.001,0.014,0.107,4.441,0.004,0.0,54.39,677.09,0,1,1,6,25.474
128637.304954,81,0.496,0.011,0.001,0.008,0.059,9.712,0.003,0.0,47.58,721.59,0,1,1,6,32.72
128637.338005,82,0.594,0.013,0.001,0.009,0.072,14.479,0.007,0.0,39.03,754.64,0,1,1,6,33.096
128637.371583,83,0.863,0.008,0.001,0.009,0.059,8.013,0.002,0.0,56.99,788.22,0,1,1,6,28.882
128637.400793,85,0.631,0.007,0.0,0.004,0.056,3.993,0.003,0.0,0.0,817.43,0,0,1,6,24.893
128637.426411,86,0.972,0.005,0.0,0.005,0.042,15.548,0.002,0.0,86.84,843.04,0,1,1,6,31.342
128637.458067,87,0.634,2.463,10.631,0.002,0.052,5.933,0.002,286.28,0.0,760.57,1,0,1,6,36.401
128637.494788,89,0.709,0.008,0.001,0.009,0.061,11.898,0.003,0.0,50.03,797.29,0,1,1,6,24.288
128637.546779,90,0.581,0.012,0.001,0.005,0.078,5.08,0.003,0.0,0.0,849.29,0,0,1,6,21.217
128637.588688,91,0.539,0.011,0.0,0.006,0.055,13.32,0.003,0.0,44.94,891.19,0,1,1,6,28.419
128637.617565,92,0.902,0.019,0.0,0.012,0.094,9.662,0.003,0.0,29.63,920.07,0,1,1,6,31.001
128637.64891,93,0.655,0.007,0.001,0.005,0.077,6.509,0.005,0.0,0.0,951.42,0,0,1,6,27.672
128637.677017,94,0.634,0.005,0.0,0.005,0.049,11.867,0.003,0.0,70.91,979.52,0,1,1,6,26.776
128637.711753,95,0.797,0.006,0.0,0.005,0.053,15.711,0.003,0.0,73.07,1014.26,0,1,1,6,22.448
128637.734656,96,0.914,0.005,0.001,0.005,0.048,8.551,0.002,0.0,68.9,1037.16,0,1,1,6,22.913
128637.757883,97,0.579,0.008,0.0,0.008,0.072,5.59,0.002,0.0,69.35,1060.39,0,1,1,6,25.619
128637.783823,98,0.551,1.249,9.362,0.001,0.077,10.325,0.003,383.54,0.0,885.64,1,0,1,7,38.615
128637.82281,99,0.884,0.014,0.001,0.021,0.173,5.369,0.002,0.0,43.68,924.63,0,1,1,7,27.798
128637.858371,100,0.627,0.006,0.0,0.002,0.061,6.74,0.003,0.0,0.0,960.19,0,0,1,7,14.849
128637.873598,101,0.672,0.01,0.0,2.327,0.066,5.742,0.002,0.0,64.66,919.19,0,1,1,7,24.795
128637.919708,102,0.493,0.01,0.001,3.544,0.174,8.128,0.002,0.0,54.36,957.25,0,1,1,7,26.825
128637.947087,103,0.531,0.018,0.0,3.159,0.13,9.191,0.005,0.0,39.15,978.54,0,1,1,7,27.495
128637.996809,104,0.518,0.007,0.001,6.023,0.12,4.993,0.002,0.0,56.08,1023.58,0,1,1,7,25.656
128638.022843,105,0.71,0.009,0.001,0.004,0.082,13.72,0.002,0.0,0.0,1049.61,0,0,1,7,31.355
128638.054714,106,0.663,0.324,5.316,0.003,0.102,12.729,0.012,320.82,0.0,966.82,1,0,1,7,35.81
128638.091205,107,0.95,0.009,0.001,6.332,0.114,12.084,0.012,0.0,50.15,961.36,0,1,1,7,48.127
128638.140196,109,1.69,0.017,0.001,5.151,0.1,9.994,0.011,0.0,72.37,1006.53,0,1,1,7,39.452
128638.180703,110,1.286,0.006,0.0,0.002,0.072,16.429,0.006,0.0,0.0,1047.03,0,0,1,7,35.336
128638.21648,112,0.637,0.019,0.001,4.51,0.096,13.565,0.002,0.0,84.95,1073.71,0,1,1,7,40.191
128638.266048,114,1.162,0.012,0.001,3.03,0.13,8.394,0.006,0.0,104.32,1118.96,0,1,1,7,29.05
128638.295748,115,1.119,0.023,0.0,1.98,0.1,13.52,0.005,0.0,84.5,1141.59,0,1,1,7,41.639
128638.338109,116,0.798,0.016,0.001,0.006,0.13,8.054,0.003,0.0,0.0,1183.95,0,0,1,7,28.984
128638.367588,117,1.22,0.007,0.0,3.029,0.152,17.673,0.003,0.0,116.93,1207.8,0,1,1,7,42.871
128638.41114,118,1.043,0.016,0.001,2.561,0.086,19.205,0.003,0.0,94.04,1241.86,0,1,1,7,41.583
128638.453253,120,0.804,0.008,0.0,6.174,0.125,8.919,0.011,0.0,113.03,1280.67,0,1,1,7,33.139
128638.48729,121,1.074,0.008,0.0,0.009,0.088,23.316,0.002,0.0,116.45,1314.71,0,1,1,7,51.373
128638.539725,123,0.804,0.339,23.225,0.003,0.183,7.445,0.007,516.95,0.0,1109.5,1,0,1,9,56.455
128638.597422,125,1.236,0.011,0.0,0.015,0.1,16.291,0.002,0.0,60.64,1167.19,0,1,1,9,39.809
128638.637677,127,0.549,0.015,0.0,8.979,0.081,8.008,0.002,0.0,50.03,1085.98,0,1,1,9,34.894
128638.673233,128,0.598,0.01,0.001,11.7,0.11,6.022,0.002,0.0,40.13,1111.44,0,1,1,9,32.111
128638.705835,129,0.545,0.044,0.001,0.005,0.141,10.787,0.002,0.0,0.0,1144.04,0,0,1,9,28.568
128638.734846,130,0.762,0.014,0.001,6.475,0.134,11.168,0.002,0.0,73.7,1166.82,0,1,1,9,32.398
128638.775629,132,0.598,0.006,0.0,3.695,0.1,11.828,0.003,0.0,68.21,1197.32,0,1,1,9,30.772
128638.806893,133,0.775,2.758,4.696,0.002,0.103,4.386,0.003,356.72,0.0,1066.16,1,0,1,9,30.254
128638.848833,134,0.722,0.007,0.0,4.466,0.079,5.139,0.003,0.0,45.17,1059.97,0,1,1,9,20.086
128638.869348,135,0.547,0.007,0.0,0.005,0.114,10.864,0.002,0.0,0.0,1080.48,0,0,1,9,26.012
128638.914202,136,0.579,0.012,0.001,3.198,0.089,6.729,0.003,0.0,47.37,1111.3,0,1,1,9,34.353
128638.963537,137,0.489,0.275,10.165,0.001,0.116,4.832,0.004,219.5,0.0,1105.87,1,0,1,9,38.272
128639.002493,138,0.673,0.023,0.001,2.343,0.063,7.42,0.005,0.0,91.44,1123.61,0,1,1,9,29.019
128639.032135,139,0.699,0.007,0.0,5.083,0.091,3.857,0.004,0.0,74.97,1143.01,0,1,1,9,29.701
128639.063734,141,0.532,0.007,0.0,3.838,0.119,7.11,0.004,0.0,69.62,1166.4,0,1,1,9,29.861
128639.105851,142,0.761,0.006,0.001,10.493,0.184,13.677,0.004,0.0,42.82,1193.2,0,1,1,9,39.393
128639.145709,143,0.633,0.85,8.763,0.002,0.064,7.646,0.004,245.19,0.0,851.87,1,0,1,10,31.499
128639.177954,144,0.703,0.012,0.001,1.484,0.14,7.539,0.002,0.0,38.1,853.56,0,1,1,10,26.187
128639.221669,145,0.503,0.018,0.001,0.008,0.162,19.662,0.003,0.0,0.0,897.27,0,0,1,10,38.4
128639.260611,146,0.627,0.007,0.001,2.027,0.115,4.8,0.004,0.0,47.48,906.01,0,1,1,10,19.761
128639.281287,147,1.032,0.015,0.0,0.007,0.158,7.423,0.005,0.0,0.0,926.68,0,0,1,10,24.994
128639.322027,148,0.644,0.017,0.001,1.919,0.163,7.407,0.003,0.0,77.39,964.27,0,1,1,10,32.475
128639.355291,149,0.804,0.424,6.631,0.001,0.098,9.819,0.002,270.36,0.0,911.31,1,0,1,11,43.358
128639.399217,150,0.53,0.012,0.001,2.109,0.075,4.579,0.005,0.0,81.08,935.64,0,1,1,11,27.119
128639.426926,151,0.687,0.006,0.0,0.002,0.067,2.875,0.003,0.0,0.0,963.35,0,0,1,11,15.52
128639.443166,152,1.101,0.011,0.001,8.903,0.116,6.005,0.003,0.0,96.86,977.03,0,1,1,11,31.654
128639.498186,153,0.552,0.006,0.0,6.033,0.064,9.558,0.003,0.0,60.66,993.3,0,1,1,11,32.81
128639.540065,155,0.767,2.191,4.709,0.002,0.142,4.966,0.005,234.88,0.0,987.25,1,0,1,11,28.419
128639.569303,156,0.635,0.01,0.001,1.079,0.081,13.137,0.004,0.0,92.12,998.42,0,1,1,11,29.67
128639.616062,157,0.727,0.012,0.001,5.17,0.127,4.096,0.002,0.0,54.75,1029.88,0,1,1,11,26.434
128639.643092,158,0.829,0.007,0.001,0.005,0.127,11.868,0.002,0.0,0.0,1056.91,0,0,1,11,32.046
128639.699461,159,0.854,0.012,0.001,0.005,0.125,4.983,0.003,0.0,0.0,1104.77,0,0,1,11,26.586
128639.734571,160,0.783,0.152,3.913,0.002,0.183,11.412,0.003,264.71,0.0,1122.86,1,0,1,11,28.64
128639.763789,161,0.516,0.008,0.001,1.555,0.104,7.594,0.003,0.0,123.38,1134.31,0,1,1,11,23.814
128639.788921,162,0.656,0.012,0.001,5.297,0.097,10.402,0.002,0.0,47.64,1141.1,0,1,1,11,32.773
128639.822195,163,0.521,0.005,0.0,0.003,0.076,4.925,0.003,0.0,0.0,1174.38,0,0,1,11,19.522
128639.842667,164,0.583,0.013,0.0,3.422,0.139,6.635,0.003,0.0,70.22,1189.18,0,1,1,11,31.174
128639.899904,165,0.507,0.959,6.98,0.001,0.084,3.568,0.003,238.94,0.0,1108.39,1,0,1,11,30.946
128639.931485,166,0.497,0.018,0.0,2.795,0.092,12.27,0.004,0.0,111.82,1135.67,0,1,1,11,31.599
128639.965443,167,0.632,0.01,0.001,3.972,0.141,7.806,0.004,0.0,124.74,1167.72,0,1,1,11,30.923
128639.996958,168,0.537,0.006,0.0,0.921,0.158,13.595,0.004,0.0,72.49,1191.62,0,1,1,11,32.009
128640.037456,170,0.673,0.008,0.0,1.878,0.098,5.62,0.002,0.0,104.52,1231.35,0,1,1,11,19.605
128640.078154,171,0.723,0.454,4.055,0.001,0.061,4.627,0.004,253.4,0.0,1221.25,1,0,1,11,27.428
128640.12761,172,0.708,0.022,0.001,1.688,0.102,15.603,0.002,0.0,101.2,1253.83,0,1,1,11,31.704
128640.174252,173,0.774,0.011,0.001,0.009,0.088,9.725,0.004,0.0,100.69,1300.47,0,1,1,11,27.98
128640.202792,174,0.581,0.011,0.0,0.005,0.129,10.201,0.002,0.0,0.0,1329.01,0,0,1,11,28.333
128640.239514,176,0.89,0.005,0.0,0.005,0.07,4.096,0.002,0.0,78.08,1365.73,0,1,1,11,13.236
128640.295902,177,0.585,0.008,0.0,0.005,0.107,14.527,0.002,0.0,0.0,1422.12,0,0,1,11,30.081
128640.334223,178,0.513,0.139,3.996,0.001,0.125,13.887,0.007,313.65,0.0,1409.79,1,0,1,11,25.855
128640.360841,179,0.815,0.007,0.0,0.008,0.07,15.187,0.003,0.0,73.61,1436.41,0,1,1,11,38.774
128640.407728,181,0.539,0.009,0.001,0.009,0.125,5.065,0.002,0.0,90.89,1483.3,0,1,1,11,22.832
128640.431085,183,0.537,0.007,0.0,0.006,0.089,15.829,0.009,0.0,91.72,1506.65,0,1,1,11,29.416
128640.488457,184,0.536,0.008,0.001,0.01,0.148,9.571,0.003,0.0,60.8,1564.02,0,1,1,11,24.921
128640.514531,185,0.555,0.214,9.109,0.001,0.079,4.359,0.003,237.98,0.0,1389.59,1,0,1,12,27.792
128640.558303,186,0.644,0.005,0.001,0.002,0.069,18.048,0.003,0.0,0.0,1433.36,0,0,1,12,37.866
128640.605587,187,0.643,0.016,0.001,0.014,0.149,11.67,0.003,0.0,97.88,1480.65,0,1,1,12,20.899
128640.627214,188,0.696,0.005,0.001,0.776,0.082,19.996,0.002,0.0,71.8,1479.93,0,1,1,12,36.941
128640.665036,189,0.624,1.657,2.663,0.001,0.095,12.115,0.002,202.47,0.0,1469.17,1,0,1,12,38.479
128640.70424,191,0.61,0.008,0.001,0.624,0.093,8.549,0.003,0.0,93.82,1503.79,0,1,1,12,25.579
128640.731477,192,0.504,0.009,0.0,0.005,0.112,13.631,0.003,0.0,0.0,1531.03,0,0,1,12,28.933
128640.781371,193,0.676,0.012,0.0,1.971,0.164,10.24,0.002,0.0,140.92,1546.2,0,1,1,12,33.425
128640.84308,195,0.774,0.006,0.0,5.361,0.099,5.562,0.003,0.0,67.19,1596.62,0,1,1,12,27.354
128640.890074,196,0.728,0.679,3.557,0.002,0.131,10.629,0.004,170.04,0.0,1623.48,1,0,1,12,29.924
128640.920834,197,1.056,0.016,0.001,2.019,0.15,6.914,0.004,0.0,81.44,1648.95,0,1,1,12,26.328
128640.94788,198,0.718,0.02,0.001,2.557,0.236,7.648,0.004,0.0,66.52,1672.5,0,1,1,12,28.771
128640.996596,199,0.661,0.011,0.0,3.985,0.255,7.077,0.002,0.0,87.51,1718.9,0,1,1,12,39.908
128641.037212,200,0.561,1.605,2.466,0.001,0.072,4.862,0.002,214.55,0.0,1722.41,1,0,1,12,27.781
128641.06573,201,0.599,0.018,0.001,3.378,0.128,9.274,0.002,0.0,124.52,1748.25,0,1,1,12,34.779
128641.101082,203,1.076,0.007,0.0,3.448,0.142,4.733,0.004,0.0,76.73,1776.68,0,1,1,12,24.563
128641.145539,204,0.879,0.011,0.0,1.733,0.094,3.214,0.005,0.0,99.56,1819.33,0,1,1,12,23.135
128641.186949,205,0.555,0.008,0.0,1.873,0.109,5.595,0.002,0.0,88.37,1856.36,0,1,1,12,26.322
128641.22552,206,0.653,0.391,5.764,0.001,0.075,5.854,0.003,245.47,0.0,1741.76,1,0,1,13,22.138
128641.248257,207,0.752,0.009,0.0,0.828,0.088,4.9,0.003,0.0,111.63,1753.04,0,1,1,13,22.122
128641.305111,208,0.515,0.014,0.001,5.677,0.13,5.57,0.002,0.0,97.83,1804.46,0,1,1,13,26.19
128641.33199,209,0.638,0.022,0.003,0.005,0.128,10.856,0.005,0.0,0.0,1831.34,0,0,1,13,30.233
128641.371217,211,0.6,0.013,0.001,2.761,0.072,17.748,0.003,0.0,131.14,1851.15,0,1,1,13,32.511
128641.404347,212,0.542,0.983,7.871,0.001,0.126,7.076,0.003,212.72,0.0,1869.92,1,0,1,13,33.525
128641.438956,214,0.723,0.006,0.001,5.096,0.124,9.019,0.003,0.0,80.07,1892.86,0,1,1,13,29.227
128641.469022,215,1.319,0.006,0.0,0.004,0.125,10.384,0.006,0.0,0.0,1922.93,0,0,1,13,24.199
128641.529076,216,0.568,0.007,0.001,0.004,0.095,5.93,0.004,0.0,0.0,1977.3,0,0,1,13,18.168
128641.571919,217,0.82,0.007,0.001,5.411,0.125,7.074,0.002,0.0,106.46,2017.63,0,1,1,13,32.804
128641.614893,219,0.577,0.008,0.001,0.004,0.104,7.875,0.005,0.0,0.0,2060.6,0,0,1,13,19.988
128641.663894,220,1.13,0.017,0.0,1.915,0.175,4.696,0.003,0.0,146.58,1936.95,0,1,1,13,27.207
128641.700965,221,0.517,0.01,0.0,1.158,0.078,3.407,0.002,0.0,95.2,1967.22,0,1,1,13,13.82
128641.71538,222,0.418,0.007,0.001,2.65,0.105,4.7,0.002,0.0,78.95,1979.28,0,1,1,13,25.44
128641.755694,223,0.621,0.008,0.001,0.006,0.123,8.766,0.004,0.0,0.0,2019.59,0,0,1,13,28.277
128641.788795,224,1.968,1.195,1.616,0.003,0.175,4.605,0.003,198.67,0.0,2055.05,1,0,1,13,25.005
128641.83478,225,0.709,0.028,0.001,5.173,0.101,5.449,0.003,0.0,81.41,2042.14,0,1,1,13,30.574
128641.873233,227,0.897,0.014,0.0,0.007,0.175,13.315,0.003,0.0,0.0,2080.59,0,0,1,13,27.096
128641.921752,228,0.503,0.354,3.765,0.001,0.106,12.743,0.003,182.19,0.0,2068.42,1,0,1,13,32.272
128641.964055,229,1.009,0.009,0.0,1.439,0.138,16.118,0.003,0.0,99.72,2102.19,0,1,1,13,28.396
128641.993148,230,0.889,0.008,0.001,1.314,0.166,4.37,0.002,0.0,90.59,2131.28,0,1,1,13,21.047
128642.03501,231,1.081,0.007,0.0,5.799,0.161,4.921,0.005,0.0,92.34,2173.15,0,1,1,13,26.572
128642.062287,232,0.549,0.005,0.0,0.003,0.075,10.369,0.003,0.0,0.0,2200.42,0,0,1,13,23.6
128642.096159,233,1.031,0.009,0.0,0.005,0.11,8.529,0.003,0.0,0.0,2234.29,0,0,1,13,19.326
128642.116042,234,0.547,3.128,7.998,0.002,0.152,9.475,0.003,226.27,0.0,2200.88,1,0,1,13,35.477
128642.152629,235,0.486,0.012,0.001,0.014,0.102,3.762,0.004,0.0,79.03,2237.47,0,1,1,13,22.794
128642.176211,236,0.726,0.017,0.001,0.007,0.279,9.346,0.003,0.0,0.0,2261.05,0,0,1,13,31.065
128642.216078,237,0.788,0.014,0.001,0.016,0.207,5.33,0.003,0.0,71.63,2300.92,0,1,1,13,16.041
128642.252932,238,0.48,0.005,0.0,0.003,0.075,7.889,0.002,0.0,0.0,2337.77,0,0,1,13,21.287
128642.275002,239,0.577,0.007,0.001,0.007,0.085,6.447,0.003,0.0,101.66,2359.84,0,1,1,13,25.86
128642.334037,240,0.664,0.005,0.0,0.005,0.074,10.795,0.002,0.0,99.84,2418.88,0,1,1,13,26.113
128642.36919,241,0.674,0.011,0.0,0.005,0.095,5.697,0.003,0.0,0.0,2454.03,0,0,1,13,18.045
128642.388174,242,0.573,0.01,0.001,0.004,0.107,6.898,0.006,0.0,0.0,2473.01,0,0,1,13,27.094
128642.426019,244,0.582,0.706,5.385,0.002,0.103,3.89,0.004,325.03,0.0,1994.78,1,0,1,13,20.59
128642.447535,245,0.729,0.008,0.0,0.011,0.091,8.246,0.004,0.0,70.31,2016.3,0,1,1,13,25.914
128642.4953,246,0.683,0.01,0.0,0.006,0.144,14.258,0.003,0.0,0.0,2064.06,0,0,1,13,35.06
128642.531127,247,0.793,0.011,0.002,0.014,0.423,3.192,0.003,0.0,86.55,2099.89,0,1,1,13,17.221
128642.549015,248,0.497,0.008,0.0,0.003,0.1,4.563,0.002,0.0,0.0,2117.78,0,0,1,13,24.864
128642.592762,249,0.949,0.011,0.0,0.004,0.095,11.285,0.006,0.0,0.0,2161.52,0,0,1,13,29.18
128642.630258,250,0.55,0.009,0.0,0.004,0.085,14.642,0.005,0.0,0.0,2199.02,0,0,1,13,23.839
128642.662746,251,0.913,0.007,0.001,0.007,0.116,7.509,0.005,0.0,121.78,2231.51,0,1,1,13,15.17
128642.678785,252,0.588,0.012,0.001,0.015,0.141,5.559,0.003,0.0,62.52,2247.54,0,1,1,13,26.258
128642.723787,253,0.489,0.006,0.0,0.006,0.072,15.692,0.002,0.0,74.14,2292.55,0,1,1,13,33.158
128642.757629,254,0.618,0.168,1.455,0.002,0.118,8.888,0.002,391.99,0.0,2168.29,1,0,1,14,24.456
128642.783076,255,0.536,0.01,0.0,0.011,0.087,6.618,0.003,0.0,28.49,2193.74,0,1,1,14,25.588
128642.831822,256,0.611,0.972,2.32,0.002,0.147,7.271,0.002,129.17,0.0,2218.44,1,0,1,14,27.935
128642.868534,257,0.816,0.008,0.0,2.186,0.102,10.258,0.002,0.0,96.08,2250.97,0,1,1,14,21.128
128642.901534,258,1.293,0.005,0.0,1.324,0.347,8.543,0.004,0.0,44.73,2277.94,0,1,1,14,21.332
128642.923723,259,0.812,0.363,0.001,0.001,0.125,9.815,0.003,164.25,0.0,2300.13,1,0,1,14,25.108
128642.949701,260,0.611,0.011,0.001,2.713,0.178,3.93,0.002,0.0,76.0,2324.9,0,1,1,14,23.299
128642.995414,261,0.692,0.548,0.001,0.001,0.102,10.827,0.004,138.04,0.0,2370.62,1,0,1,14,30.251
128643.026877,262,1.032,0.015,0.001,2.333,0.116,14.006,0.003,0.0,122.12,2399.86,0,1,1,14,39.473
128643.067356,264,0.595,1.407,0.004,0.002,0.154,6.879,0.002,140.82,0.0,2440.34,1,0,1,14,29.819
128643.106318,265,0.589,0.012,0.0,1.25,0.115,13.323,0.003,0.0,131.37,2474.29,0,1,1,14,24.366
128643.156247,266,0.585,0.336,0.002,0.001,0.14,5.385,0.003,156.63,0.0,2517.84,1,0,1,14,24.056
128643.192457,267,0.548,0.011,0.0,1.322,0.115,5.269,0.003,0.0,94.35,2551.63,0,1,1,14,15.094
128643.215881,268,0.617,0.01,0.001,4.08,0.313,5.907,0.007,0.0,65.5,2571.32,0,1,1,14,23.015
128643.252766,269,0.539,0.013,0.001,0.005,0.13,5.192,0.003,0.0,0.0,2608.2,0,0,1,14,21.184
128643.295553,270,0.57,1.35,0.003,0.002,0.185,9.864,0.006,158.19,0.0,2650.99,1,0,1,14,31.896
128643.328587,271,0.924,0.008,0.002,0.668,0.137,10.41,0.006,0.0,122.38,2680.04,0,1,1,14,24.219
128643.364743,272,1.182,0.255,0.001,0.001,0.139,14.86,0.003,130.94,0.0,2716.19,1,0,1,14,23.867
128643.389378,273,0.518,0.009,0.001,1.309,0.122,10.531,0.004,0.0,71.1,2732.82,0,1,1,14,29.401
128643.432112,275,0.512,0.015,0.002,8.062,0.103,16.385,0.002,0.0,92.99,2774.07,0,1,1,14,35.85
128643.468688,276,0.654,2.987,0.004,0.001,0.14,4.998,0.003,166.96,0.0,2810.65,1,0,1,14,27.473
128643.498154,278,0.583,0.006,0.0,3.013,0.154,5.089,0.004,0.0,67.49,2833.57,0,1,1,14,29.072
128643.541452,279,0.502,0.011,0.001,4.119,0.135,6.782,0.002,0.0,75.98,2874.38,0,1,1,14,30.492
128643.572565,280,0.522,1.921,0.001,0.001,0.074,8.34,0.003,160.25,0.0,2905.5,1,0,1,14,31.74
128643.60516,281,0.57,0.015,0.001,1.519,0.158,7.056,0.003,0.0,75.17,2933.48,0,1,1,14,29.902
128643.653531,282,0.873,0.01,0.0,0.012,0.163,5.082,0.002,0.0,84.06,2981.85,0,1,1,14,19.439
128643.688048,283,0.718,0.005,0.0,0.003,0.069,6.157,0.004,0.0,0.0,3016.37,0,0,1,14,24.581
128643.731701,284,0.73,0.962,0.004,0.001,0.208,16.154,0.004,175.46,0.0,3060.02,1,0,1,14,32.998
128643.765683,285,0.516,0.007,0.0,0.007,0.078,3.272,0.002,0.0,162.72,3094.01,0,1,1,14,18.723
128643.796776,286,0.43,0.009,0.001,0.008,0.106,14.627,0.005,0.0,120.71,3125.1,0,1,1,14,23.779
128643.82157,287,0.777,0.537,0.002,0.001,0.194,3.086,0.005,158.14,0.0,3149.89,1,0,1,14,19.625
128643.851556,288,1.038,0.013,0.0,0.018,0.175,3.913,0.005,0.0,89.43,3179.88,0,1,1,14,16.916
128643.882733,289,0.593,0.008,0.0,0.003,0.086,5.647,0.003,0.0,0.0,3211.06,0,0,1,14,22.721
128643.922988,290,0.671,0.009,0.0,0.004,0.117,3.871,0.003,0.0,0.0,3251.31,0,0,1,14,19.797
128643.943875,291,0.905,0.986,0.001,0.001,0.077,3.8,0.002,186.39,0.0,3272.2,1,0,1,14,25.533
128643.988171,292,0.693,0.014,0.001,0.01,0.187,10.244,0.002,0.0,108.58,3316.49,0,1,1,14,26.477
128644.015283,293,0.516,0.012,0.001,0.013,0.142,9.723,0.002,0.0,75.51,3343.61,0,1,1,14,27.261
128644.043304,294,0.77,0.885,5.863,0.001,0.091,6.3,0.003,118.03,0.0,3260.02,1,0,1,14,29.257
128644.092766,295,0.639,0.01,0.001,0.005,0.122,4.237,0.003,0.0,0.0,3309.48,0,0,1,14,20.81
128644.114309,296,0.529,0.007,0.0,0.007,0.1,8.777,0.005,0.0,75.8,3331.02,0,1,1,14,21.573
128644.181832,297,0.785,0.014,0.001,0.019,0.149,4.579,0.003,0.0,99.21,3260.78,0,1,1,14,23.591
128644.206487,298,0.755,0.008,0.0,0.004,0.1,11.79,0.004,0.0,0.0,3285.44,0,0,1,14,27.168
128644.235093,299,0.944,0.016,0.001,0.016,0.156,13.703,0.002,0.0,125.93,3314.04,0,1,1,14,35.363
128644.271161,301,0.532,2.391,1.697,0.002,0.106,5.058,0.002,177.67,0.0,3345.07,1,0,1,14,27.271
128644.320169,302,0.545,0.012,0.001,0.007,0.14,8.639,0.002,0.0,0.0,3394.07,0,0,1,14,22.366
128644.34317,303,0.805,0.423,8.008,0.004,0.211,5.216,0.004,138.35,0.0,3409.31,1,0,1,14,30.305
128644.404669,304,0.604,0.01,0.001,0.005,0.146,7.775,0.002,0.0,0.0,3470.81,0,0,1,14,26.917
128644.43263,305,0.61,0.015,0.001,0.015,0.216,8.049,0.009,0.0,94.49,3498.77,0,1,1,14,29.417
128644.463553,306,0.863,0.004,0.0,0.002,0.068,15.894,0.001,0.0,0.0,3529.7,0,0,1,14,35.222
128644.499447,308,0.614,0.012,0.0,0.019,0.141,4.425,0.003,0.0,98.68,3565.59,0,1,1,14,25.86
128644.526017,309,0.541,0.005,0.0,0.003,0.08,3.443,0.002,0.0,0.0,3592.16,0,0,1,14,17.196
128644.544303,310,0.693,0.009,0.001,0.013,0.149,5.679,0.002,0.0,88.41,3610.45,0,1,1,14,26.416
128644.614161,312,0.536,0.011,0.0,0.005,0.123,5.545,0.003,0.0,0.0,3382.36,0,0,1,14,21.266
128644.66221,313,0.824,0.01,0.001,0.005,0.192,5.145,0.002,0.0,0.0,3430.41,0,0,1,14,21.53
128644.69835,314,0.538,0.007,0.0,0.007,0.084,8.122,0.002,0.0,89.36,3466.55,0,1,1,14,18.664
128644.717644,315,0.562,0.011,0.0,0.005,0.136,8.548,0.003,0.0,0.0,3485.84,0,0,1,14,24.53
128644.752712,316,0.946,0.011,0.001,0.014,0.151,7.242,0.002,0.0,70.59,3520.91,0,1,1,14,21.893
128644.775273,317,0.519,0.007,0.001,0.013,0.138,4.928,0.002,0.0,67.45,3543.47,0,1,1,14,26.184
128644.823917,318,0.495,1.587,4.633,0.003,0.13,5.316,0.003,299.51,0.0,2976.74,1,0,1,14,32.531
128644.857196,319,0.554,0.014,0.001,0.015,0.109,10.342,0.003,0.0,116.8,3010.01,0,1,1,14,24.357
128644.893103,320,0.741,0.007,0.0,0.007,0.1,3.501,0.003,0.0,76.36,3045.92,0,1,1,14,12.804
128644.916231,321,0.884,0.007,0.001,0.004,0.116,5.131,0.002,0.0,0.0,3069.05,0,0,1,14,18.018
128644.934889,322,0.817,0.007,0.0,0.012,0.11,9.178,0.003,0.0,96.75,3087.71,0,1,1,14,24.948
128644.987379,323,0.532,0.006,0.0,0.006,0.084,10.005,0.003,0.0,80.11,3140.2,0,1,1,14,23.951
128645.012038,324,0.609,1.752,3.296,0.001,0.086,6.662,0.002,210.65,0.0,2889.93,1,0,1,15,29.43
128645.042341,325,0.69,0.006,0.0,0.011,0.091,6.067,0.003,0.0,59.3,2920.23,0,1,1,15,26.496
128645.092927,326,0.645,0.008,0.001,0.009,0.102,6.485,0.005,0.0,95.82,2970.81,0,1,1,15,19.772
128645.120841,327,0.61,0.005,0.0,0.003,0.073,8.801,0.003,0.0,0.0,2998.73,0,0,1,15,22.075
128645.144341,328,0.924,0.027,0.0,4.133,0.133,5.576,0.003,0.0,104.01,3007.32,0,1,1,15,28.83
128645.19886,329,0.502,0.391,1.399,0.002,0.123,3.807,0.004,235.92,0.0,3050.75,1,0,1,15,28.769
128645.228576,330,0.565,0.006,0.0,2.671,0.221,9.089,0.004,0.0,119.29,3075.87,0,1,1,15,31.923
128645.261466,331,0.78,0.008,0.0,1.209,0.142,6.175,0.002,0.0,123.46,3106.85,0,1,1,15,21.943
128645.284432,332,0.744,0.015,0.001,4.275,0.173,12.766,0.002,0.0,66.88,3124.51,0,1,1,15,38.204
128645.323531,333,0.552,0.012,0.0,0.005,0.145,4.85,0.004,0.0,0.0,3163.61,0,0,1,15,20.595
128645.345477,334,0.78,0.011,0.001,0.006,0.124,9.864,0.003,0.0,0.0,3185.56,0,0,1,15,30.484
128645.400685,335,0.519,0.009,0.001,0.005,0.11,14.766,0.006,0.0,0.0,3236.48,0,0,1,15,33.718
128645.435166,337,0.783,0.007,0.001,0.003,0.087,5.335,0.004,0.0,0.0,3270.96,0,0,1,15,26.86
128645.471829,338,0.678,4.701,5.583,0.002,0.129,3.978,0.004,343.02,0.0,2754.93,1,0,1,15,25.827
128645.498411,339,0.546,0.008,0.001,2.342,0.105,5.132,0.003,0.0,159.36,2768.1,0,1,1,15,27.829
128645.527241,340,0.534,0.007,0.001,7.08,0.145,6.54,0.003,0.0,96.66,2790.83,0,1,1,15,29.454
128645.557817,341,0.861,0.006,0.0,0.003,0.111,3.28,0.002,0.0,0.0,2821.41,0,0,1,15,17.106
128645.575577,342,1.09,0.022,0.001,0.008,0.166,6.44,0.003,0.0,0.0,2839.17,0,0,1,15,26.715
128645.624916,343,0.509,0.007,0.001,0.004,0.124,5.195,0.005,0.0,0.0,2883.88,0,0,1,15,18.876
128645.644483,344,0.663,0.009,0.001,2.744,0.121,6.588,0.003,0.0,74.69,2898.79,0,1,1,15,35.389
128645.688514,345,0.595,1.518,1.974,0.001,0.129,9.168,0.002,242.41,0.0,2929.21,1,0,1,15,25.611
128645.715038,346,0.563,0.007,0.001,1.127,0.141,8.701,0.004,0.0,102.1,2945.27,0,1,1,15,26.067
128645.764759,347,0.521,0.007,0.001,0.704,0.096,9.9,0.003,0.0,85.93,2990.6,0,1,1,15,26.058
128645.800083,348,0.518,3.318,0.002,0.001,0.102,7.716,0.002,128.53,0.0,3025.92,1,0,1,15,19.357
128645.82013,349,0.625,0.005,0.0,3.679,0.093,5.8,0.002,0.0,43.48,3039.45,0,1,1,15,25.576
128645.863135,350,0.911,0.376,0.001,0.001,0.235,3.766,0.002,124.79,0.0,3082.45,1,0,1,15,20.331
128645.928252,351,0.625,0.008,0.001,3.56,0.219,9.624,0.003,0.0,117.88,3145.32,0,1,1,15,28.294
128645.957383,353,0.708,0.006,0.0,0.003,0.077,7.792,0.003,0.0,0.0,3174.45,0,0,1,15,23.209
128645.98163,354,0.585,0.216,0.001,0.001,0.136,7.857,0.004,186.73,0.0,3198.7,1,0,1,15,26.229
128646.033814,355,0.568,0.012,0.001,0.016,0.146,12.246,0.004,0.0,55.25,3248.4,0,1,1,15,32.038
128646.06687,357,0.62,1.033,3.283,0.001,0.083,3.452,0.004,139.42,0.0,3275.1,1,0,1,15,26.112
128646.107298,358,0.572,0.01,0.001,0.012,0.161,8.564,0.002,0.0,97.72,3315.53,0,1,1,15,25.662
128646.147491,359,0.532,0.017,0.0,0.019,0.23,6.014,0.004,0.0,86.92,3355.72,0,1,1,15,24.328
128646.190535,360,0.596,0.353,3.923,0.002,0.117,10.773,0.002,194.33,0.0,3314.8,1,0,1,15,31.574
128646.222734,361,0.571,0.013,0.001,0.016,0.128,8.197,0.002,0.0,118.75,3347.0,0,1,1,15,25.745
128646.249369,362,0.565,0.026,0.0,0.007,0.148,7.564,0.002,0.0,0.0,3373.64,0,0,1,15,25.574
128646.28426,363,0.567,1.732,3.083,0.002,0.123,4.215,0.002,111.61,0.0,3287.44,1,0,1,15,21.464
128646.320137,364,0.726,0.009,0.001,0.005,0.107,19.311,0.006,0.0,0.0,3323.32,0,0,1,15,37.03
128646.358489,365,0.922,0.007,0.0,0.008,0.097,7.621,0.003,0.0,118.61,3361.67,0,1,1,15,25.706
128646.384831,366,0.754,0.007,0.001,0.007,0.098,4.923,0.002,0.0,76.71,3388.01,0,1,1,15,26.329
128646.422347,368,0.648,0.005,0.0,0.003,0.075,8.8,0.003,0.0,0.0,3425.53,0,0,1,15,21.069
128646.454062,369,0.871,2.672,6.6,0.006,0.447,5.104,0.003,190.98,0.0,3444.76,1,0,1,15,32.967
128646.48792,370,0.772,0.006,0.0,0.008,0.072,7.328,0.004,0.0,67.77,3478.62,0,1,1,15,22.256
128646.518754,371,0.654,0.014,0.001,0.015,0.132,8.405,0.002,0.0,37.03,3509.45,0,1,1,15,18.923
128646.538295,372,0.583,0.007,0.0,0.004,0.093,13.271,0.004,0.0,0.0,3528.99,0,0,1,15,25.807
128646.59201,373,0.658,0.013,0.001,0.016,0.105,4.059,0.004,0.0,90.08,3560.64,0,1,1,15,19.593
128646.613968,374,0.539,0.01,0.001,0.005,0.114,8.623,0.004,0.0,0.0,3582.6,0,0,1,15,25.221
128646.666072,375,0.499,0.009,0.0,0.004,0.092,5.013,0.002,0.0,0.0,3634.7,0,0,1,15,26.624
128646.693983,376,0.884,0.013,0.001,0.004,0.127,12.118,0.003,0.0,0.0,3662.61,0,0,1,15,29.88
128646.724584,377,0.55,0.005,0.0,0.007,0.094,5.496,0.003,0.0,110.85,3693.21,0,1,1,15,18.559
128646.744361,378,0.895,0.312,1.44,0.001,0.068,6.348,0.002,227.48,0.0,3706.72,1,0,1,15,28.882
128646.794614,379,1.082,0.016,0.0,0.009,0.131,9.135,0.004,0.0,0.0,3756.97,0,0,1,15,27.199
128646.822708,380,0.599,0.005,0.0,0.003,0.071,5.753,0.002,0.0,0.0,3785.06,0,0,1,15,19.917
128646.843538,381,0.675,0.008,0.001,0.009,0.104,6.351,0.004,0.0,107.31,3805.89,0,1,1,15,24.144
128646.90729,383,0.5,0.007,0.001,0.01,0.113,8.417,0.003,0.0,89.71,3869.65,0,1,1,15,24.864
128646.962538,384,0.645,0.01,0.0,0.023,0.157,11.975,0.002,0.0,130.33,3913.68,0,1,1,15,28.045
128646.99121,385,0.713,0.006,0.001,0.003,0.096,5.267,0.003,0.0,0.0,3942.35,0,0,1,15,20.126
128647.020328,386,0.603,0.022,0.001,0.02,0.145,6.83,0.004,0.0,114.42,3971.47,0,1,1,15,17.565
128647.058848,387,0.496,0.389,0.859,0.001,0.129,5.972,0.004,167.56,0.0,3996.53,1,0,1,15,24.421
128647.095833,388,0.641,0.006,0.0,0.007,0.074,9.712,0.002,0.0,108.77,4033.52,0,1,1,15,18.577
128647.126419,389,0.951,0.01,0.001,0.008,0.085,8.613,0.004,0.0,117.54,4064.1,0,1,1,15,16.126
128647.143385,390,0.678,0.019,0.001,0.017,0.266,6.866,0.002,0.0,63.87,4081.07,0,1,1,15,28.451
128647.180733,391,0.586,1.984,2.437,0.001,0.09,4.662,0.004,183.71,0.0,3986.83,1,0,1,15,22.154
128647.224773,392,0.521,0.01,0.0,0.005,0.128,5.08,0.003,0.0,0.0,4030.87,0,0,1,15,17.975
128647.244016,393,0.71,0.007,0.001,0.007,0.078,5.432,0.003,0.0,73.4,4050.11,0,1,1,15,26.098
128647.281215,394,1.08,0.008,0.0,0.004,0.099,5.346,0.002,0.0,0.0,4087.31,0,0,1,15,16.062
128647.318043,395,0.797,0.018,0.001,0.013,0.172,4.214,0.002,0.0,113.2,4124.14,0,1,1,15,19.166
128647.338115,396,0.624,0.007,0.001,0.004,0.087,6.193,0.005,0.0,0.0,4144.21,0,0,1,15,26.197
128647.398373,397,0.571,0.012,0.001,0.005,0.154,11.886,0.004,0.0,0.0,4204.47,0,0,1,15,28.255
128647.435583,398,0.63,1.392,3.246,0.001,0.092,9.729,0.004,272.85,0.0,4042.06,1,0,1,15,30.018
128647.477174,400,0.528,0.005,0.0,0.007,0.07,8.849,0.002,0.0,94.66,4083.65,0,1,1,15,18.756
128647.510558,401,0.781,0.006,0.001,0.005,0.098,7.291,0.003,0.0,0.0,4117.04,0,0,1,15,27.286
128647.552245,402,0.703,0.013,0.0,0.007,0.141,5.119,0.005,0.0,0.0,4158.72,0,0,1,15,27.972
128647.602094,403,0.669,0.01,0.001,0.004,0.112,14.933,0.004,0.0,0.0,4208.57,0,0,1,15,30.279
128647.633518,404,0.611,0.205,6.012,0.002,0.129,9.874,0.004,266.7,0.0,3940.85,1,0,1,16,36.561
128647.679111,405,0.695,0.01,0.0,0.015,0.11,5.408,0.003,0.0,181.48,3986.44,0,1,1,16,17.187
128647.697008,406,0.53,0.014,0.001,0.016,0.148,9.655,0.003,0.0,105.63,4004.34,0,1,1,16,27.352
128647.725333,407,0.564,0.008,0.001,0.004,0.098,6.733,0.003,0.0,0.0,4032.66,0,0,1,16,21.557
128647.747718,408,0.565,0.012,0.001,3.109,0.166,4.701,0.003,0.0,101.84,4038.59,0,1,1,16,24.317
128647.792575,409,0.501,0.498,1.487,0.002,0.095,7.267,0.003,180.5,0.0,4068.15,1,0,1,16,32.283
128647.833339,410,0.617,0.009,0.001,0.931,0.095,10.44,0.002,0.0,125.1,4105.02,0,1,1,16,19.862
128647.854104,411,0.68,0.006,0.0,1.586,0.1,7.439,0.003,0.0,79.91,4121.66,0,1,1,16,26.801
128647.901794,412,0.637,3.934,3.052,0.002,0.141,8.4,0.002,145.65,0.0,4144.87,1,0,1,16,35.781
128647.938341,414,0.583,0.006,0.0,9.537,0.162,5.293,0.003,0.0,47.23,4174.11,0,1,1,16,29.781
128647.988296,415,0.55,0.009,0.001,0.005,0.136,8.482,0.004,0.0,0.0,4224.07,0,0,1,16,20.157
128648.033918,417,0.501,0.009,0.0,2.751,0.109,7.637,0.002,0.0,98.45,4249.18,0,1,1,16,29.678
128648.072004,418,0.717,0.907,0.002,0.001,0.119,9.361,0.002,101.54,0.0,4287.26,1,0,1,16,20.506
128648.114087,419,0.567,0.013,0.0,2.486,0.135,5.594,0.005,0.0,82.55,4323.34,0,1,1,16,26.87
128648.16063,420,0.746,0.01,0.0,0.007,0.101,12.876,0.002,0.0,0.0,4369.89,0,0,1,16,28.156
128648.189927,421,0.956,0.005,0.001,0.004,0.097,3.596,0.003,0.0,0.0,4399.18,0,0,1,16,17.98
128648.209127,422,1.122,0.009,0.001,2.703,0.118,3.804,0.002,0.0,148.19,4416.55,0,1,1,16,27.109
128648.2516,423,0.99,0.006,0.0,0.002,0.074,8.47,0.005,0.0,0.0,4459.02,0,0,1,16,28.805
128648.302204,424,0.541,0.005,0.0,4.32,0.225,7.856,0.003,0.0,114.36,4488.04,0,1,1,16,28.669
128648.331827,425,0.598,0.012,0.001,1.904,0.173,7.873,0.005,0.0,93.88,4514.53,0,1,1,16,31.3
128648.377475,427,0.927,2.248,0.003,0.002,0.257,9.118,0.004,148.52,0.0,4560.18,1,0,1,16,23.378
128648.423335,428,0.582,0.011,0.001,2.684,0.132,4.33,0.004,0.0,58.03,4598.08,0,1,1,16,22.822
128648.447444,429,0.517,0.017,0.001,0.005,0.155,6.647,0.009,0.0,0.0,4622.19,0,0,1,16,31.213
128648.498968,430,0.682,0.01,0.001,2.713,0.184,5.683,0.002,0.0,86.32,4670.76,0,1,1,16,27.454
128648.527383,431,0.71,0.005,0.0,0.008,0.073,3.963,0.004,0.0,85.92,4699.17,0,1,1,16,16.828
128648.553471,432,0.642,0.007,0.0,0.009,0.086,7.371,0.002,0.0,64.95,4725.26,0,1,1,16,20.591
128648.587759,433,0.559,0.015,0.002,0.009,0.165,7.054,0.006,0.0,0.0,4759.55,0,0,1,16,25.353
128648.614419,434,0.681,0.018,0.002,0.013,0.123,6.32,0.004,0.0,75.46,4786.21,0,1,1,16,24.33
128648.661911,435,1.229,0.53,2.509,0.001,0.134,15.685,0.003,235.03,0.0,4833.7,1,0,1,16,36.909
128648.69965,436,0.522,0.015,0.001,0.021,0.14,12.799,0.002,0.0,115.13,4871.44,0,1,1,16,32.729
128648.733692,438,0.857,0.006,0.0,0.006,0.089,14.095,0.004,0.0,84.55,4905.48,0,1,1,16,29.618
128648.783162,439,0.55,0.458,1.392,0.002,0.119,7.746,0.002,189.24,0.0,4878.17,1,0,1,16,29.425
128648.813275,440,0.575,0.013,0.0,0.019,0.132,12.025,0.003,0.0,83.24,4908.29,0,1,1,16,30.849
128648.85467,441,0.802,0.011,0.0,0.006,0.133,6.336,0.004,0.0,0.0,4949.68,0,0,1,16,25.001
128648.890311,442,0.626,0.383,0.002,0.001,0.257,14.977,0.005,171.59,0.0,4985.32,1,0,1,16,29.518
128648.920805,443,0.807,0.01,0.0,0.01,0.112,7.544,0.004,0.0,112.0,5015.82,0,1,1,16,23.546
128648.956303,444,1.22,0.012,0.001,0.014,0.115,4.81,0.002,0.0,114.84,5051.31,0,1,1,16,19.147
128648.995681,445,0.704,0.005,0.0,0.002,0.072,12.63,0.004,0.0,0.0,5090.69,0,0,1,16,30.77
128649.02794,446,0.646,0.633,1.532,0.002,0.179,14.865,0.004,199.78,0.0,5074.17,1,0,1,16,34.637
128649.063384,447,0.758,0.008,0.001,0.013,0.133,8.354,0.003,0.0,72.37,5109.61,0,1,1,16,28.431
128649.101559,449,0.804,0.008,0.0,0.004,0.111,7.222,0.002,0.0,0.0,5147.79,0,0,1,16,14.903
128649.14717,450,0.887,0.018,0.001,0.027,0.272,4.681,0.003,0.0,97.82,5184.05,0,1,1,16,26.278
128649.196477,451,0.72,0.018,0.0,0.006,0.128,9.046,0.003,0.0,0.0,5233.36,0,0,1,16,25.931
128649.231511,452,0.759,0.293,0.002,0.001,0.137,10.682,0.003,147.56,0.0,5268.39,1,0,1,16,22.206
128649.263218,453,0.797,0.015,0.0,0.015,0.153,6.473,0.003,0.0,76.17,5300.1,0,1,1,16,20.306
128649.302352,454,0.558,0.006,0.0,0.003,0.084,4.427,0.002,0.0,0.0,5339.23,0,0,1,16,22.075
128649.347837,455,0.769,0.013,0.001,0.006,0.112,16.256,0.005,0.0,0.0,5384.72,0,0,1,16,37.58
128649.386749,456,0.822,1.446,1.646,0.002,0.127,11.488,0.003,215.18,0.0,5411.38,1,0,1,16,36.344
128649.423837,458,0.704,0.009,0.001,0.013,0.119,7.494,0.007,0.0,129.77,5448.47,0,1,1,16,29.098
128649.467848,460,0.935,0.01,0.001,0.004,0.157,4.833,0.005,0.0,0.0,5492.48,0,0,1,16,19.93
128649.51412,461,0.642,0.011,0.0,0.015,0.088,5.332,0.005,0.0,143.58,5538.75,0,1,1,16,26.557
128649.541723,462,1.015,0.009,0.0,0.005,0.107,17.954,0.002,0.0,0.0,5566.35,0,0,1,16,38.936
128649.589531,464,0.791,0.014,0.001,0.015,0.19,10.546,0.003,0.0,123.11,5614.16,0,1,1,16,21.814
128649.640659,465,0.659,0.014,0.001,0.026,0.176,5.624,0.004,0.0,105.96,5562.22,0,1,1,16,32.028
128649.673687,466,0.626,0.012,0.001,0.007,0.117,5.729,0.006,0.0,0.0,5595.25,0,0,1,16,28.05
128649.702792,467,0.927,0.023,0.0,0.007,0.146,6.805,0.048,0.0,0.0,5624.35,0,0,1,16,34.387
128649.738292,468,0.939,0.008,0.001,0.009,0.115,17.128,0.003,0.0,159.42,5659.85,0,1,1,16,48.754
128649.789574,469,0.802,0.019,0.001,0.007,0.146,18.151,0.002,0.0,0.0,5711.13,0,0,1,16,45.176
128649.836329,472,0.859,0.012,0.001,0.011,0.167,9.46,0.01,0.0,137.29,5757.89,0,1,1,16,33.821
128649.871162,473,0.862,0.011,0.001,0.004,0.091,8.546,0.005,0.0,0.0,5792.72,0,0,1,16,28.926
128649.901581,474,0.92,0.916,4.405,0.002,0.111,6.95,0.002,341.46,0.0,5808.17,1,0,1,16,38.555
128649.940929,476,0.72,0.019,0.001,0.023,0.163,6.558,0.005,0.0,176.82,5847.52,0,1,1,16,29.217
128649.970928,477,0.66,0.005,0.001,0.003,0.08,8.894,0.007,0.0,0.0,5877.52,0,0,1,16,30.737
128650.013199,478,0.528,0.013,0.001,0.011,0.116,11.037,0.003,0.0,121.0,5919.79,0,1,1,16,21.344
128650.035413,480,0.736,0.017,0.001,0.01,0.828,7.456,0.004,0.0,0.0,5942.0,0,0,1,16,27.68
128650.064771,481,0.568,0.413,3.032,0.001,0.111,10.857,0.002,222.88,0.0,5863.33,1,0,1,16,40.277
128650.105828,483,0.665,0.011,0.001,0.01,0.079,17.779,0.003,0.0,119.84,5904.39,0,1,1,16,42.364
128650.149093,485,0.705,0.006,0.001,0.003,0.085,5.412,0.002,0.0,0.0,5947.65,0,0,1,16,23.712
128650.183338,487,0.505,0.023,0.001,0.008,0.201,6.81,0.002,0.0,0.0,5981.9,0,0,1,16,23.731
128650.215633,488,0.59,0.017,0.001,0.018,0.154,8.117,0.002,0.0,119.32,6014.19,0,1,1,16,18.366
128650.250267,489,0.968,0.013,0.001,0.007,0.139,6.221,0.004,0.0,0.0,6048.83,0,0,1,16,26.809
128650.297494,490,0.659,0.643,14.221,0.002,0.122,7.661,0.002,283.23,0.0,5577.65,1,0,1,16,38.852
128650.345173,492,1.075,0.006,0.0,0.009,0.069,4.781,0.007,0.0,100.67,5625.33,0,1,1,16,16.83
128650.381668,493,0.528,0.025,0.0,0.027,0.171,10.652,0.002,0.0,92.83,5661.83,0,1,1,16,33.58
128650.416105,494,0.557,0.011,0.002,0.006,0.104,8.161,0.001,0.0,0.0,5696.26,0,0,1,16,24.957
128650.441717,496,0.571,0.005,0.0,0.003,0.073,7.917,0.002,0.0,0.0,5721.87,0,0,1,16,22.198
128650.488692,497,0.651,0.011,0.001,0.005,0.117,10.36,0.002,0.0,0.0,5768.85,0,0,1,16,25.607
128650.528429,498,0.619,0.306,3.385,0.002,0.163,3.908,0.003,247.23,0.0,5792.32,1,0,1,16,16.633
128650.546245,499,0.769,0.005,0.001,0.007,0.098,6.979,0.003,0.0,61.0,5279.63,0,1,1,15,26.453
